sample,t1d,KIR,KIR.3DS1,KIR.3DL1,collection,Sample_ID
101010001D,1,cn11,1,1,t1d-cases,55267410
101010003F,1,cn02,0,2,t1d-cases,56096910
101010010N,1,cn02,0,2,t1d-cases,59559010
101010011P,1,cn11,1,1,t1d-cases,52138310
101010012Q,1,cn02,0,2,t1d-cases,59096210
101010019Y,1,cn02,0,2,t1d-cases,57667710
101010020Z,1,cn11,1,1,t1d-cases,58378710
101010021A,1,cn11,1,1,t1d-cases,55942310
101010026F,1,cn02,0,2,t1d-cases,57833410
101010028H,1,cn02,0,2,t1d-cases,50844410
101010029J,1,cn11,1,1,t1d-cases,57621710
101010032M,1,cn10,1,0,t1d-cases,57412310
101010039V,1,cn02,0,2,t1d-cases,50392010
101010041X,1,cn02,0,2,t1d-cases,53521410
101010044A,1,cn02,0,2,t1d-cases,51540810
101010045B,1,cn11,1,1,t1d-cases,57462510
101010047D,1,cn11,1,1,t1d-cases,59641010
101010051H,1,cn11,1,1,t1d-cases,52196010
101010053K,1,cn11,1,1,t1d-cases,59767710
101010054L,1,cn02,0,2,t1d-cases,54451010
101010056N,1,cn11,1,1,t1d-cases,59745310
101010057P,1,cn02,0,2,t1d-cases,51325810
101010059R,1,cn02,0,2,t1d-cases,54197510
101010062V,1,cn11,1,1,t1d-cases,55745710
101010064X,1,cn02,0,2,t1d-cases,54364210
101010068B,1,cn02,0,2,t1d-cases,50554910
101010071E,1,cn02,0,2,t1d-cases,54042910
101010072F,1,cn02,0,2,t1d-cases,59351910
101010073G,1,cn11,1,1,t1d-cases,55726410
101010074H,1,cn02,0,2,t1d-cases,56018110
101010088Y,1,cn02,0,2,t1d-cases,56649910
101010089Z,1,cn02,0,2,t1d-cases,55843410
101010090A,1,cn11,1,1,t1d-cases,50967610
101010095F,1,cn02,0,2,t1d-cases,56377010
101010096G,1,cn02,0,2,t1d-cases,58018510
101010097H,1,cn12,1,2,t1d-cases,56627210
101010098J,1,cn02,0,2,t1d-cases,52093410
101010100L,1,cn02,0,2,t1d-cases,54625410
101010101M,1,cn11,1,1,t1d-cases,59911010
101010103P,1,cn20,2,0,NA,NA
101010106S,1,cn11,1,1,t1d-cases,59477310
101010122K,1,cn12,1,2,t1d-cases,56522010
101010135Z,1,cn02,0,2,t1d-cases,58543610
101010140E,1,cn11,1,1,t1d-cases,52785710
101010147M,1,cn02,0,2,t1d-cases,52660710
101010160B,1,cn02,0,2,t1d-cases,57090910
101010161C,1,cn11,1,1,t1d-cases,50655510
101010162D,1,cn02,0,2,t1d-cases,56177410
101010165G,1,cn20,2,0,t1d-cases,57467010
101010166H,1,cn02,0,2,t1d-cases,50979510
101010221S,1,cn11,1,1,t1d-cases,58211610
101010239M,1,cn11,1,1,t1d-cases,57227810
101010240N,1,cn02,0,2,t1d-cases,58568810
101010254D,1,cn11,1,1,t1d-cases,55389010
101010256F,1,cn02,0,2,t1d-cases,51467010
101010261L,1,cn02,0,2,t1d-cases,56331810
101010354M,1,cn11,1,1,t1d-cases,56860010
101010367B,1,cn02,0,2,t1d-cases,59023510
101010368C,1,cn11,1,1,t1d-cases,53481110
101010395G,1,cn21,2,1,t1d-cases,55650810
101010453V,1,cn02,0,2,t1d-cases,54096110
101010601F,1,cn02,0,2,t1d-cases,58669210
101010765J,1,cn11,1,1,t1d-cases,54777110
101010960W,1,cn12,1,2,t1d-cases,52574610
101010967D,1,cn02,0,2,t1d-cases,53563310
101010981T,1,cn02,0,2,t1d-cases,57664410
101011152E,1,cn11,1,1,t1d-cases,57392710
101011154G,1,cn02,0,2,t1d-cases,52661510
101011155H,1,cn02,0,2,t1d-cases,52879210
101011163R,1,cn02,0,2,t1d-cases,50974510
101011633C,1,cn02,0,2,t1d-cases,53167210
101090156D,1,cn11,1,1,t1d-cases,55375210
101113080W,1,cn02,0,2,t1d-cases,57049110
101113086C,1,cn02,0,2,t1d-cases,54114610
101113098Q,1,cn20,2,0,t1d-cases,57406110
101113101T,1,cn20,2,0,t1d-cases,57744510
101113102V,1,cn02,0,2,t1d-cases,54863910
101113105Y,1,cn02,0,2,t1d-cases,54524810
101113106Z,1,cn11,1,1,t1d-cases,57551710
101113110D,1,cn02,0,2,t1d-cases,52088410
101113111E,1,cn02,0,2,t1d-cases,52622810
101113124T,1,cn02,0,2,t1d-cases,58177910
101113125V,1,cn11,1,1,t1d-cases,55073410
101113126W,1,cn02,0,2,t1d-cases,51916410
101113144Q,1,cn02,0,2,t1d-cases,55721810
101113147T,1,cn02,0,2,t1d-cases,50093710
101113154B,1,cn02,0,2,t1d-cases,52885610
101113168R,1,cn02,0,2,t1d-cases,58784810
101113169S,1,cn21,2,1,t1d-cases,56450910
101113170T,1,cn02,0,2,t1d-cases,50782410
101113301L,1,cn02,0,2,t1d-cases,50569210
101113315B,1,cn02,0,2,t1d-cases,54271810
101113400T,1,cn02,0,2,t1d-cases,51846310
101113402W,1,cn02,0,2,t1d-cases,56815610
101113403X,1,cn02,0,2,t1d-cases,51114510
101113404Y,1,cn02,0,2,t1d-cases,51586510
101113405Z,1,cn20,2,0,t1d-cases,51425410
101113406A,1,cn11,1,1,t1d-cases,51715710
101113410E,1,cn02,0,2,t1d-cases,55219210
101113412G,1,cn02,0,2,t1d-cases,53936810
101113413H,1,cn11,1,1,t1d-cases,55402510
101113414J,1,cn11,1,1,t1d-cases,54100710
101113415K,1,cn02,0,2,t1d-cases,55191810
101113416L,1,cn01,0,1,t1d-cases,52783810
101113416L,1,cn01,0,1,t1d-cases,58413810
101113418N,1,cn11,1,1,t1d-cases,57607710
101113422S,1,cn02,0,2,t1d-cases,54893610
101113423T,1,cn02,0,2,t1d-cases,56762810
101113424V,1,cn21,2,1,t1d-cases,53305110
101113425W,1,cn02,0,2,t1d-cases,57306210
101113429A,1,cn02,0,2,t1d-cases,50423310
101113430B,1,cn11,1,1,t1d-cases,51345310
101113431C,1,cn11,1,1,t1d-cases,50302410
101113435G,1,cn11,1,1,t1d-cases,53411310
101113439L,1,cn02,0,2,t1d-cases,51020210
101113440M,1,cn11,1,1,t1d-cases,59361110
101113442P,1,cn11,1,1,t1d-cases,51627810
101113469T,1,cn02,0,2,t1d-cases,55239310
101113496Y,1,cn11,1,1,t1d-cases,58623110
101113598J,1,cn02,0,2,t1d-cases,51495010
101113650Q,1,cn02,0,2,t1d-cases,51337410
101113654V,1,cn02,0,2,t1d-cases,50280910
101113656X,1,cn02,0,2,t1d-cases,50446810
101113657Y,1,cn11,1,1,t1d-cases,54236810
101113660B,1,cn02,0,2,t1d-cases,57525410
101113663E,1,cn11,1,1,t1d-cases,54947810
101113665G,1,cn11,1,1,NA,NA
101113669L,1,cn21,2,1,t1d-cases,52589610
101113674R,1,cn02,0,2,t1d-cases,55006510
101113677V,1,cn11,1,1,t1d-cases,50728410
101113678W,1,cn11,1,1,t1d-cases,51051810
101113955X,1,cn11,1,1,t1d-cases,53727910
101113958A,1,cn11,1,1,t1d-cases,53946710
101113959B,1,cn11,1,1,t1d-cases,53039410
101113967K,1,cn11,1,1,t1d-cases,55843810
101113979Y,1,cn02,0,2,t1d-cases,59786310
101114550T,1,cn02,0,2,t1d-cases,56419010
101114557B,1,cn02,0,2,t1d-cases,53756710
101115451Y,1,cn02,0,2,t1d-cases,52028810
101115458F,1,cn02,0,2,t1d-cases,55199610
101216152F,1,cn02,0,2,t1d-cases,50792610
101216170A,1,cn30,3,0,t1d-cases,57054410
101216197E,1,cn02,0,2,t1d-cases,56790710
101216199G,1,cn02,0,2,t1d-cases,56082010
101216214Y,1,cn02,0,2,t1d-cases,59848010
101216801L,1,cn11,1,1,t1d-cases,52910810
101217463F,1,cn11,1,1,t1d-cases,52048810
101320001K,1,cn02,0,2,t1d-cases,52950610
101320002L,1,cn02,0,2,t1d-cases,54413310
101320004N,1,cn02,0,2,t1d-cases,55515910
101320008S,1,cn11,1,1,t1d-cases,55949110
101320009T,1,cn02,0,2,t1d-cases,52431010
101320013Y,1,cn11,1,1,t1d-cases,52805110
101320014Z,1,cn11,1,1,t1d-cases,57858310
101320017C,1,cn02,0,2,t1d-cases,53899310
101320018D,1,cn11,1,1,t1d-cases,57293710
101320020F,1,cn11,1,1,t1d-cases,56150110
101320023J,1,cn02,0,2,t1d-cases,55866910
101320024K,1,cn02,0,2,t1d-cases,55250210
101320026M,1,cn02,0,2,t1d-cases,57123910
101320028P,1,cn11,1,1,t1d-cases,55387110
101320029Q,1,cn02,0,2,t1d-cases,55946410
101320033V,1,cn11,1,1,t1d-cases,57460110
101320034W,1,cn02,0,2,t1d-cases,56350610
101320035X,1,cn02,0,2,t1d-cases,56588110
101320037Z,1,cn02,0,2,t1d-cases,53015210
101320043F,1,cn02,0,2,t1d-cases,51839310
101320047K,1,cn02,0,2,t1d-cases,56124410
101320048L,1,cn20,2,0,t1d-cases,52305310
101320049M,1,cn02,0,2,t1d-cases,59078310
101320053R,1,cn11,1,1,t1d-cases,51819110
101320054S,1,cn02,0,2,t1d-cases,58828710
101320060Z,1,cn11,1,1,t1d-cases,51089310
101320062B,1,cn02,0,2,t1d-cases,57826910
101320063C,1,cn02,0,2,t1d-cases,51163610
101320065E,1,cn02,0,2,t1d-cases,52971310
101320066F,1,cn02,0,2,t1d-cases,51112210
101320069J,1,cn02,0,2,t1d-cases,59872210
101320074P,1,cn20,2,0,t1d-cases,50482410
101320080W,1,cn02,0,2,t1d-cases,59683410
101320083Z,1,cn02,0,2,t1d-cases,51672310
101320084A,1,cn02,0,2,t1d-cases,53234810
101320087D,1,cn02,0,2,t1d-cases,56126810
101320088E,1,cn02,0,2,t1d-cases,57047210
101320089F,1,cn02,0,2,t1d-cases,57655610
101320091H,1,cn11,1,1,t1d-cases,57589410
101320092J,1,cn02,0,2,t1d-cases,52909910
101320093K,1,cn02,0,2,t1d-cases,57437710
101320095M,1,cn02,0,2,t1d-cases,52151410
101320097P,1,cn02,0,2,t1d-cases,59123210
101320098Q,1,cn11,1,1,t1d-cases,58716510
101320099R,1,cn11,1,1,t1d-cases,57049010
101320103W,1,cn11,1,1,t1d-cases,55555510
101320105Y,1,cn11,1,1,t1d-cases,55143110
101320109C,1,cn11,1,1,t1d-cases,52834710
101320110D,1,cn02,0,2,t1d-cases,50190710
101320111E,1,cn02,0,2,NA,NA
101320112F,1,cn02,0,2,t1d-cases,51341110
101320114H,1,cn20,2,0,t1d-cases,59741710
101320115J,1,cn11,1,1,t1d-cases,51004510
101320116K,1,cn01,0,1,t1d-cases,51897710
101320120P,1,cn02,0,2,t1d-cases,53275810
101320123S,1,cn02,0,2,t1d-cases,57411710
101320124T,1,cn11,1,1,t1d-cases,53652410
101320125V,1,cn02,0,2,t1d-cases,59296510
101320144Q,1,cn11,1,1,t1d-cases,55879810
101320148V,1,cn20,2,0,t1d-cases,50424710
101320159G,1,cn11,1,1,t1d-cases,51287010
101320161J,1,cn02,0,2,t1d-cases,53660310
101320170T,1,cn02,0,2,t1d-cases,54494010
101320177B,1,cn12,1,2,t1d-cases,58024310
101320180E,1,cn02,0,2,t1d-cases,55526110
101320181F,1,cn11,1,1,t1d-cases,53289810
101320184J,1,cn02,0,2,t1d-cases,57993910
101320188N,1,cn11,1,1,t1d-cases,58765810
101320189P,1,cn02,0,2,t1d-cases,55885110
101320198Z,1,cn02,0,2,t1d-cases,54591010
101320204F,1,cn02,0,2,t1d-cases,56841610
101320220Y,1,cn02,0,2,t1d-cases,58407010
101320221Z,1,cn02,0,2,t1d-cases,55451810
101320224C,1,cn02,0,2,t1d-cases,57496110
101320225D,1,cn01,0,1,t1d-cases,54636210
101320226E,1,cn01,0,1,t1d-cases,58405010
101320228G,1,cn11,1,1,t1d-cases,58765310
101320229H,1,cn11,1,1,t1d-cases,54872410
101320236Q,1,cn30,3,0,t1d-cases,58204810
101320238S,1,cn02,0,2,t1d-cases,56741610
101320240V,1,cn02,0,2,t1d-cases,50666310
101320242X,1,cn02,0,2,t1d-cases,59529510
101320244Z,1,cn11,1,1,t1d-cases,52872910
101320253J,1,cn02,0,2,t1d-cases,51106710
101320265X,1,cn02,0,2,t1d-cases,54952610
101320267Z,1,cn12,1,2,t1d-cases,51159010
101320272E,1,cn11,1,1,t1d-cases,51246610
101320273F,1,cn01,0,1,t1d-cases,59143310
101320274G,1,cn02,0,2,t1d-cases,58276610
101320280N,1,cn11,1,1,t1d-cases,51507410
101320282Q,1,cn21,2,1,t1d-cases,58894110
101320283R,1,cn11,1,1,t1d-cases,55379810
101320298H,1,cn02,0,2,t1d-cases,53827610
101320307S,1,cn21,2,1,t1d-cases,53977710
101320312Y,1,cn11,1,1,t1d-cases,51425310
101320316C,1,cn11,1,1,t1d-cases,59246910
101320350P,1,cn02,0,2,t1d-cases,54294610
101320351Q,1,cn11,1,1,t1d-cases,54394710
101320352R,1,cn02,0,2,t1d-cases,59312210
101320353S,1,cn11,1,1,t1d-cases,58248610
101320355V,1,cn11,1,1,t1d-cases,55831710
101320359Z,1,cn02,0,2,t1d-cases,59890510
101320363D,1,cn11,1,1,t1d-cases,52321110
101320364E,1,cn02,0,2,t1d-cases,59689410
101320369K,1,cn11,1,1,t1d-cases,52517410
101320370L,1,cn20,2,0,t1d-cases,56555210
101320381Y,1,cn02,0,2,t1d-cases,51498110
101320384B,1,cn02,0,2,t1d-cases,50794710
101320385C,1,cn02,0,2,t1d-cases,52953910
101320386D,1,cn02,0,2,t1d-cases,50111910
101320390H,1,cn02,0,2,t1d-cases,57827510
101320392K,1,cn11,1,1,t1d-cases,50787710
101320394M,1,cn02,0,2,t1d-cases,58313210
101320400T,1,cn02,0,2,t1d-cases,54413610
101320404Y,1,cn02,0,2,t1d-cases,56325510
101320406A,1,cn02,0,2,t1d-cases,54663310
101320410E,1,cn02,0,2,t1d-cases,55204110
101320415K,1,cn02,0,2,t1d-cases,50934110
101320416L,1,cn01,0,1,NA,NA
101320418N,1,cn21,2,1,t1d-cases,53608310
101320419P,1,cn10,1,0,t1d-cases,53151710
101320421R,1,cn02,0,2,t1d-cases,59096510
101320429A,1,cn11,1,1,t1d-cases,58765410
101320431C,1,cn02,0,2,t1d-cases,59688410
101320432D,1,cn02,0,2,t1d-cases,52515610
101320433E,1,cn11,1,1,t1d-cases,52008210
101320434F,1,cn02,0,2,t1d-cases,58733210
101320441N,1,cn21,2,1,t1d-cases,51999810
101320503F,1,cn02,0,2,t1d-cases,58410710
101320507K,1,cn02,0,2,t1d-cases,54095610
101320508L,1,cn02,0,2,t1d-cases,51517210
101320510N,1,cn02,0,2,t1d-cases,57499310
101320511P,1,cn02,0,2,t1d-cases,55166610
101320513R,1,cn02,0,2,t1d-cases,50434710
101320515T,1,cn02,0,2,t1d-cases,53142610
101320517W,1,cn11,1,1,t1d-cases,56693410
101320523C,1,cn02,0,2,t1d-cases,53090410
101320524D,1,cn02,0,2,t1d-cases,56584210
101320530K,1,cn02,0,2,t1d-cases,59906010
101320534P,1,cn02,0,2,t1d-cases,55363510
101320536R,1,cn02,0,2,t1d-cases,58401410
101320544A,1,cn21,2,1,t1d-cases,52167410
101320558Q,1,cn02,0,2,t1d-cases,58662010
101320559R,1,cn02,0,2,t1d-cases,55563810
101320569C,1,cn02,0,2,t1d-cases,55164410
101320572F,1,cn02,0,2,t1d-cases,55295210
101320575J,1,cn11,1,1,t1d-cases,58210210
101320576K,1,cn11,1,1,t1d-cases,55946610
101320579N,1,cn02,0,2,t1d-cases,53121210
101320602N,1,cn02,0,2,t1d-cases,51372010
101320606S,1,cn02,0,2,t1d-cases,54086010
101320614B,1,cn11,1,1,t1d-cases,57909110
101320618F,1,cn02,0,2,t1d-cases,52731310
101320625N,1,cn02,0,2,t1d-cases,55560510
101320628R,1,cn02,0,2,t1d-cases,55879610
101320658Z,1,cn11,1,1,t1d-cases,57087310
101320679X,1,cn02,0,2,t1d-cases,55434510
101320692L,1,cn12,1,2,t1d-cases,59603410
101320728A,1,cn02,0,2,t1d-cases,57261210
101320729B,1,cn02,0,2,t1d-cases,50115210
101320785M,1,cn02,0,2,t1d-cases,52032710
101320806K,1,cn11,1,1,t1d-cases,50923710
101320808M,1,cn11,1,1,NA,NA
101320810P,1,cn11,1,1,t1d-cases,53333910
101321056G,1,cn02,0,2,t1d-cases,51455110
101321059K,1,cn11,1,1,t1d-cases,57858610
101321062N,1,cn11,1,1,t1d-cases,59665310
101321063P,1,cn02,0,2,t1d-cases,58743410
101321068V,1,cn02,0,2,t1d-cases,58647910
101321075C,1,cn02,0,2,t1d-cases,54031810
101321077E,1,cn11,1,1,t1d-cases,56120610
101321085N,1,cn02,0,2,t1d-cases,51721810
101321087Q,1,cn20,2,0,NA,NA
101321091V,1,cn02,0,2,t1d-cases,57302410
101321098C,1,cn02,0,2,t1d-cases,58418210
101321311J,1,cn11,1,1,t1d-cases,51112510
101321524Q,1,cn02,0,2,t1d-cases,55372010
101392845N,1,cn11,1,1,t1d-cases,59037310
101392910J,1,cn02,0,2,t1d-cases,58640610
101392915P,1,cn02,0,2,t1d-cases,56344910
101392924Z,1,cn02,0,2,NA,NA
101392959M,1,cn01,0,1,t1d-cases,59957710
101423003T,1,cn20,2,0,t1d-cases,53561710
101423004V,1,cn02,0,2,t1d-cases,56716710
101423006X,1,cn11,1,1,t1d-cases,59594310
101423009A,1,cn11,1,1,t1d-cases,56122110
101423012D,1,cn02,0,2,t1d-cases,55881410
101423013E,1,cn02,0,2,t1d-cases,52017610
101423014F,1,cn02,0,2,t1d-cases,50575610
101423025S,1,cn11,1,1,t1d-cases,53940310
101423029X,1,cn02,0,2,t1d-cases,52376710
101423040J,1,cn02,0,2,t1d-cases,54410310
101423042L,1,cn11,1,1,t1d-cases,57757510
101423043M,1,cn02,0,2,t1d-cases,53056510
101423044N,1,cn01,0,1,t1d-cases,55482810
101423045P,1,cn11,1,1,t1d-cases,54045510
101423046Q,1,cn02,0,2,NA,NA
101423047R,1,cn02,0,2,t1d-cases,59747510
101423048S,1,cn02,0,2,t1d-cases,53080910
101423054Z,1,cn02,0,2,t1d-cases,54223610
101423056B,1,cn02,0,2,t1d-cases,56469910
101423058D,1,cn11,1,1,t1d-cases,53276010
101423059E,1,cn02,0,2,t1d-cases,57570210
101423060F,1,cn20,2,0,t1d-cases,59834910
101423070R,1,cn02,0,2,t1d-cases,58441910
101423071S,1,cn02,0,2,t1d-cases,53603410
101423072T,1,cn11,1,1,t1d-cases,55982910
101423073V,1,cn11,1,1,t1d-cases,52957010
101423074W,1,cn11,1,1,t1d-cases,59878410
101423075X,1,cn02,0,2,t1d-cases,52733310
101423077Z,1,cn02,0,2,t1d-cases,57823310
101423078A,1,cn02,0,2,t1d-cases,50774010
101423078A,1,cn02,0,2,t1d-cases,54527210
101423079B,1,cn02,0,2,t1d-cases,56876610
101423084G,1,cn02,0,2,t1d-cases,54917410
101423085H,1,cn02,0,2,t1d-cases,54701810
101423087K,1,cn12,1,2,t1d-cases,55591010
101423089M,1,cn11,1,1,t1d-cases,51268610
101423091P,1,cn11,1,1,t1d-cases,56297210
101423093R,1,cn20,2,0,t1d-cases,59106710
101423097W,1,cn11,1,1,t1d-cases,58222810
101423098X,1,cn11,1,1,t1d-cases,58015010
101423104D,1,cn20,2,0,t1d-cases,50258610
101423106F,1,cn02,0,2,t1d-cases,56950110
101423107G,1,cn11,1,1,t1d-cases,58710110
101423118T,1,cn11,1,1,t1d-cases,59482410
101423120W,1,cn02,0,2,t1d-cases,56197110
101423121X,1,cn02,0,2,t1d-cases,52208910
101423123Z,1,cn02,0,2,t1d-cases,52734910
101423129F,1,cn11,1,1,t1d-cases,56837210
101423130G,1,cn11,1,1,t1d-cases,57807610
101423131H,1,cn02,0,2,t1d-cases,57161010
101423153G,1,cn02,0,2,t1d-cases,56745610
101423162R,0,cn02,0,2,NA,NA
101423164T,1,cn11,1,1,t1d-cases,50063010
101423172C,1,cn02,0,2,t1d-cases,52928510
101423184Q,1,cn02,0,2,t1d-cases,53094110
101423188V,1,cn02,0,2,t1d-cases,57600210
101423193A,1,cn02,0,2,t1d-cases,52045110
101423205N,1,cn02,0,2,t1d-cases,57870110
101423209S,1,cn11,1,1,t1d-cases,56935510
101423213X,1,cn02,0,2,t1d-cases,52224010
101423372V,1,cn02,0,2,t1d-cases,50785210
101423409K,1,cn11,1,1,t1d-cases,50222110
101423701C,1,cn11,1,1,t1d-cases,59163910
101423702D,1,cn11,1,1,NA,NA
101423717V,1,cn11,1,1,t1d-cases,55143210
101423718W,1,cn02,0,2,t1d-cases,53698310
101424115C,1,cn02,0,2,t1d-cases,50126310
101491000D,1,cn02,0,2,t1d-cases,51238110
101491083T,1,cn02,0,2,t1d-cases,50577310
101491168L,1,cn11,1,1,t1d-cases,52189410
101526004B,1,cn02,0,2,t1d-cases,54859910
101526005C,1,cn02,0,2,t1d-cases,51914310
101526008F,1,cn11,1,1,t1d-cases,51837410
101526009G,1,cn02,0,2,t1d-cases,58254410
101526017Q,1,cn02,0,2,t1d-cases,59153910
101526020T,1,cn02,0,2,t1d-cases,50952710
101526025Z,1,cn02,0,2,t1d-cases,59379510
101526029D,1,cn02,0,2,t1d-cases,51809810
101526030E,1,cn11,1,1,t1d-cases,55706910
101526031F,1,cn02,0,2,t1d-cases,57441410
101526035K,1,cn02,0,2,t1d-cases,52224810
101526042S,1,cn11,1,1,t1d-cases,52394510
101526050B,1,cn20,2,0,t1d-cases,57022210
101526052D,1,cn02,0,2,t1d-cases,56042910
101526055G,1,cn02,0,2,t1d-cases,54078910
101526056H,1,cn11,1,1,t1d-cases,55462410
101526063Q,1,cn02,0,2,t1d-cases,57883810
101526071Z,1,cn02,0,2,t1d-cases,50721610
101526091W,1,cn02,0,2,t1d-cases,54380310
101526152M,1,cn01,0,1,t1d-cases,56345810
101526153N,1,cn02,0,2,t1d-cases,57136210
101526154P,1,cn11,1,1,t1d-cases,59602210
101526155Q,1,cn02,0,2,t1d-cases,57748910
101526156R,1,cn02,0,2,t1d-cases,57889510
101526168E,1,cn02,0,2,t1d-cases,59051510
101526179R,1,cn02,0,2,t1d-cases,52056510
101526180S,1,cn02,0,2,t1d-cases,59539610
101526200P,1,cn02,0,2,t1d-cases,57990310
101526203S,1,cn11,1,1,t1d-cases,59932710
101526205V,1,cn02,0,2,t1d-cases,50047210
101526207X,1,cn02,0,2,t1d-cases,55652310
101526433S,1,cn02,0,2,t1d-cases,53520610
101526440A,1,cn02,0,2,t1d-cases,59883910
101526444E,1,cn02,0,2,t1d-cases,56428810
101526445F,1,cn02,0,2,t1d-cases,58895010
101526446G,1,cn02,0,2,t1d-cases,51613110
101526460X,1,cn11,1,1,t1d-cases,56468710
101526623Z,1,cn20,2,0,t1d-cases,52899110
101526653G,1,cn02,0,2,t1d-cases,50804610
101526676G,1,cn02,0,2,t1d-cases,52435710
101526717B,1,cn02,0,2,NA,NA
101527078T,1,cn02,0,2,t1d-cases,58118210
101527082Y,1,cn02,0,2,t1d-cases,53916110
101527086C,1,cn11,1,1,t1d-cases,58163610
101527100S,1,cn02,0,2,t1d-cases,53399510
101527271D,1,cn02,0,2,NA,NA
101527353S,1,cn11,1,1,t1d-cases,57833710
101527360A,1,cn02,0,2,t1d-cases,54081010
101527366G,1,cn11,1,1,t1d-cases,53216710
101527513R,1,cn11,1,1,t1d-cases,55268110
101527551H,1,cn02,0,2,t1d-cases,57384110
101527792V,1,cn02,0,2,t1d-cases,53142810
101527853L,1,cn02,0,2,t1d-cases,54471610
101528037L,1,cn02,0,2,t1d-cases,51238610
101528101F,1,cn11,1,1,t1d-cases,55545010
101528104J,1,cn02,0,2,NA,NA
101528425H,1,cn11,1,1,t1d-cases,59707910
101528430N,1,cn11,1,1,t1d-cases,56948310
101528562G,1,cn02,0,2,t1d-cases,52980310
101528700G,1,cn11,1,1,t1d-cases,50048810
101528704L,1,cn11,1,1,t1d-cases,51930010
101528705M,1,cn02,0,2,t1d-cases,55369710
101528707P,1,cn11,1,1,t1d-cases,59799710
101528710S,1,cn02,0,2,t1d-cases,53784610
101528716Z,1,cn12,1,2,t1d-cases,54628210
101528717A,1,cn11,1,1,t1d-cases,56827010
101528720D,1,cn02,0,2,t1d-cases,57626010
101528801R,1,cn02,0,2,t1d-cases,52559710
101575006P,1,cn11,1,1,t1d-cases,55160310
101575100R,1,cn02,0,2,t1d-cases,53575910
101575104W,1,cn02,0,2,t1d-cases,51316710
101629094F,1,cn02,0,2,t1d-cases,58594810
101629135A,1,cn02,0,2,t1d-cases,54936210
101629176V,1,cn02,0,2,t1d-cases,57740010
101629178X,1,cn11,1,1,t1d-cases,59742710
101629179Y,1,cn11,1,1,t1d-cases,51478310
101629184D,1,cn02,0,2,t1d-cases,50206510
101629188H,1,cn02,0,2,t1d-cases,56238510
101629226Z,1,cn11,1,1,t1d-cases,59802710
101629279G,1,cn11,1,1,t1d-cases,54195510
101629280H,1,cn11,1,1,t1d-cases,54293110
101629283L,1,cn11,1,1,t1d-cases,54427910
101629286P,1,cn02,0,2,t1d-cases,54245310
101629391D,1,cn02,0,2,t1d-cases,59946210
101629406V,1,cn02,0,2,t1d-cases,58250310
101629407W,1,cn11,1,1,t1d-cases,56518410
101629411A,1,cn11,1,1,t1d-cases,50223310
101629436C,1,cn02,0,2,t1d-cases,59715710
101629445M,1,cn11,1,1,t1d-cases,54536810
101629462F,1,cn02,0,2,t1d-cases,54575810
101629565S,1,cn02,0,2,t1d-cases,54738310
101629570Y,1,cn11,1,1,t1d-cases,53016510
101629599E,1,cn02,0,2,t1d-cases,54697110
101629600F,1,cn02,0,2,t1d-cases,50431210
101629728V,1,cn02,0,2,t1d-cases,52089010
101629729W,1,cn02,0,2,t1d-cases,54656410
101629734B,1,cn02,0,2,t1d-cases,58974510
101629735C,1,cn02,0,2,t1d-cases,55147610
101629741J,1,cn02,0,2,t1d-cases,57576010
101629748R,1,cn11,1,1,t1d-cases,59259810
101629749S,1,cn11,1,1,t1d-cases,54959210
101629781C,1,cn02,0,2,t1d-cases,54498810
101629785G,1,cn12,1,2,t1d-cases,51021310
101629786H,1,cn30,3,0,t1d-cases,51825310
101629955R,1,cn02,0,2,t1d-cases,56090010
101629957T,1,cn02,0,2,t1d-cases,59948710
101629960X,1,cn11,1,1,t1d-cases,59344810
101629962Z,1,cn02,0,2,t1d-cases,56330810
101629964B,1,cn02,0,2,t1d-cases,51045710
101630351X,1,cn11,1,1,t1d-cases,54087310
101732002M,1,cn11,1,1,t1d-cases,51337910
101732006R,1,cn02,0,2,t1d-cases,53343810
101732007S,1,cn11,1,1,t1d-cases,56100710
101732013Z,1,cn02,0,2,t1d-cases,53933710
101732016C,1,cn02,0,2,t1d-cases,53138510
101732026N,1,cn02,0,2,t1d-cases,54834510
101732029R,1,cn02,0,2,t1d-cases,58907710
101732031T,1,cn02,0,2,t1d-cases,54544110
101732032V,1,cn02,0,2,t1d-cases,57581010
101732033W,1,cn02,0,2,t1d-cases,56487610
101732036Z,1,cn20,2,0,t1d-cases,55934010
101732048M,1,cn02,0,2,t1d-cases,52830710
101732051Q,1,cn11,1,1,t1d-cases,56268810
101732052R,1,cn11,1,1,t1d-cases,58427010
101732057X,1,cn11,1,1,t1d-cases,54980410
101732060A,1,cn02,0,2,t1d-cases,55947010
101732063D,1,cn11,1,1,t1d-cases,59705810
101732068J,1,cn02,0,2,t1d-cases,55043010
101732070L,1,cn02,0,2,t1d-cases,51267310
101732072N,1,cn02,0,2,t1d-cases,53811010
101732073P,1,cn01,0,1,t1d-cases,50834210
101732074Q,1,cn02,0,2,t1d-cases,53361310
101732075R,1,cn02,0,2,t1d-cases,50520110
101732076S,1,cn20,2,0,NA,NA
101732080X,1,cn02,0,2,t1d-cases,56733210
101732083A,1,cn02,0,2,t1d-cases,59913610
101732088F,1,cn20,2,0,t1d-cases,54568410
101732095N,1,cn02,0,2,t1d-cases,56201510
101732098R,1,cn11,1,1,t1d-cases,53183810
101732100T,1,cn02,0,2,t1d-cases,56535210
101732102W,1,cn11,1,1,t1d-cases,51915610
101732105Z,1,cn11,1,1,t1d-cases,55251710
101732106A,1,cn11,1,1,t1d-cases,59375310
101732107B,1,cn02,0,2,t1d-cases,54953410
101732118N,1,cn12,1,2,t1d-cases,50942810
101732120Q,1,cn02,0,2,t1d-cases,53506610
101732124V,1,cn02,0,2,t1d-cases,51608410
101732125W,1,cn02,0,2,t1d-cases,51593510
101732126X,1,cn11,1,1,t1d-cases,58770510
101732128Z,1,cn11,1,1,t1d-cases,51891810
101732139L,1,cn11,1,1,t1d-cases,57116510
101732141N,1,cn20,2,0,t1d-cases,55385710
101732142P,1,cn11,1,1,t1d-cases,58314310
101732150Y,1,cn02,0,2,t1d-cases,50781910
101732152A,1,cn02,0,2,t1d-cases,54231510
101732154C,1,cn02,0,2,t1d-cases,53487010
101732156E,1,cn02,0,2,t1d-cases,51754610
101732157F,1,cn02,0,2,t1d-cases,59010210
101732166Q,1,cn11,1,1,t1d-cases,54769210
101732174Z,1,cn02,0,2,t1d-cases,53302610
101732185L,1,cn02,0,2,t1d-cases,58475110
101732189Q,1,cn02,0,2,t1d-cases,58364310
101732190R,1,cn11,1,1,t1d-cases,59343510
101732192T,1,cn02,0,2,t1d-cases,55862910
101732193V,1,cn02,0,2,t1d-cases,54386010
101732200C,1,cn02,0,2,t1d-cases,54627110
101732203F,1,cn02,0,2,t1d-cases,58871510
101732209M,1,cn02,0,2,t1d-cases,51977410
101732217W,1,cn11,1,1,t1d-cases,50137510
101732221A,1,cn11,1,1,t1d-cases,51564210
101732224D,1,cn02,0,2,t1d-cases,59076310
101732250G,1,cn02,0,2,t1d-cases,53551110
101732254L,1,cn11,1,1,t1d-cases,55947110
101732316D,1,cn11,1,1,t1d-cases,58206010
101732331V,1,cn11,1,1,t1d-cases,57217510
101732391K,1,cn02,0,2,t1d-cases,51640910
101732477D,1,cn11,1,1,t1d-cases,54720810
101732490S,1,cn02,0,2,t1d-cases,53097110
101732499C,1,cn11,1,1,t1d-cases,51981410
101732500D,1,cn11,1,1,t1d-cases,56860910
101732501E,1,cn11,1,1,t1d-cases,58605710
101732502F,1,cn11,1,1,t1d-cases,52663910
101732512R,1,cn21,2,1,t1d-cases,52988310
101732517X,1,cn02,0,2,t1d-cases,58147610
101732520A,1,cn02,0,2,t1d-cases,52657910
101732565Z,1,cn12,1,2,t1d-cases,54475710
101732567B,1,cn02,0,2,t1d-cases,54628310
101732570E,1,cn02,0,2,t1d-cases,59085510
101732576L,1,cn12,1,2,t1d-cases,54880710
101732578N,1,cn02,0,2,t1d-cases,59995610
101732583T,1,cn11,1,1,t1d-cases,56465610
101732596H,1,cn02,0,2,t1d-cases,59602710
101732602P,1,cn02,0,2,t1d-cases,55474410
101732636B,1,cn21,2,1,t1d-cases,54819110
101732650R,1,cn11,1,1,t1d-cases,51075110
101732651S,1,cn20,2,0,t1d-cases,57380810
101732658A,1,cn11,1,1,t1d-cases,56239910
101732690K,1,cn02,0,2,t1d-cases,51231010
101732697S,1,cn01,0,1,t1d-cases,51859910
101732747X,1,cn21,2,1,t1d-cases,50158210
101732762N,1,cn02,0,2,t1d-cases,58530110
101732772Z,1,cn11,1,1,t1d-cases,52921010
101732787Q,1,cn02,0,2,t1d-cases,52248510
101732802G,1,cn02,0,2,t1d-cases,59822710
101732809P,1,cn11,1,1,t1d-cases,56903810
101732810Q,1,cn11,1,1,t1d-cases,57454110
101732814V,1,cn02,0,2,t1d-cases,56908210
101732815W,1,cn02,0,2,t1d-cases,58513910
101732865A,1,cn11,1,1,t1d-cases,55647610
101732911A,1,cn02,0,2,t1d-cases,55474110
101733015N,1,cn20,2,0,t1d-cases,59164210
101834105T,1,cn20,2,0,t1d-cases,57773210
101834113C,1,cn11,1,1,t1d-cases,52241110
101834115E,1,cn11,1,1,t1d-cases,52190610
101834142J,1,cn02,0,2,t1d-cases,51726710
101834150S,1,cn02,0,2,t1d-cases,57765910
101834157A,1,cn11,1,1,t1d-cases,51366010
101834165J,1,cn02,0,2,t1d-cases,57235910
101834174T,1,cn02,0,2,t1d-cases,50829210
101834178Y,1,cn02,0,2,t1d-cases,53365110
101834181B,1,cn21,2,1,t1d-cases,53787910
101834184E,1,cn11,1,1,t1d-cases,54198910
101834187H,1,cn11,1,1,t1d-cases,51728310
101834192N,1,cn11,1,1,t1d-cases,54664210
101834201Y,1,cn02,0,2,t1d-cases,58023410
101834224Y,1,cn02,0,2,t1d-cases,56348810
101834226A,1,cn02,0,2,t1d-cases,51938910
101834227B,1,cn11,1,1,t1d-cases,52570610
101834266T,1,cn11,1,1,t1d-cases,57406910
101834274C,1,cn02,0,2,t1d-cases,55607910
101834405V,1,cn02,0,2,t1d-cases,57780010
101834552E,1,cn02,0,2,t1d-cases,59248410
101834752X,1,cn11,1,1,t1d-cases,58050910
101834754Z,1,cn02,0,2,t1d-cases,57782810
101834778A,1,cn20,2,0,t1d-cases,59232310
101835257W,1,cn02,0,2,t1d-cases,57316010
101835260Z,1,cn02,0,2,t1d-cases,59621310
101835265E,1,cn02,0,2,t1d-cases,52174810
101835269J,1,cn02,0,2,t1d-cases,54167610
101835272M,1,cn02,0,2,t1d-cases,59927210
101835348V,1,cn02,0,2,t1d-cases,52280610
101835400B,1,cn02,0,2,t1d-cases,58547010
101835402D,1,cn02,0,2,t1d-cases,51801410
101835559Z,1,cn11,1,1,t1d-cases,57520110
101835560A,1,cn10,1,0,t1d-cases,53057110
101938135V,1,cn02,0,2,t1d-cases,59274110
101938136W,1,cn02,0,2,t1d-cases,59196910
101938139Z,1,cn02,0,2,t1d-cases,58033510
101938140A,1,cn02,0,2,t1d-cases,55275910
101938159W,1,cn20,2,0,t1d-cases,50455410
101938263J,1,cn02,0,2,t1d-cases,50747310
101938266M,1,cn11,1,1,t1d-cases,55076810
101938268P,1,cn02,0,2,t1d-cases,50721510
101938271S,1,cn02,0,2,NA,NA
101938326C,1,cn02,0,2,t1d-cases,53282010
101938443E,1,cn02,0,2,t1d-cases,57940410
101938854B,1,cn10,1,0,t1d-cases,51968610
101938878C,1,cn02,0,2,t1d-cases,51412910
101938925D,1,cn02,0,2,t1d-cases,53584910
101938927F,1,cn20,2,0,t1d-cases,54671210
101938929H,1,cn11,1,1,t1d-cases,58770210
101938930J,1,cn02,0,2,t1d-cases,56680710
101939116L,1,cn20,2,0,t1d-cases,53617110
101939136H,1,cn02,0,2,t1d-cases,52794010
101939143Q,1,cn02,0,2,t1d-cases,58998110
101939150Y,1,cn11,1,1,t1d-cases,57038310
101939153B,1,cn02,0,2,t1d-cases,53867310
101939655X,1,cn02,0,2,t1d-cases,50155310
101939660C,1,cn02,0,2,t1d-cases,58735110
101939833Q,1,cn11,1,1,t1d-cases,57571810
101939840Y,1,cn11,1,1,t1d-cases,53231510
101939846E,1,cn11,1,1,t1d-cases,58106410
101939849H,1,cn02,0,2,t1d-cases,57141910
101939851K,1,cn02,0,2,t1d-cases,56764810
101939859T,1,cn11,1,1,t1d-cases,55057910
101939860V,1,cn01,0,1,t1d-cases,55907310
101939861W,1,cn11,1,1,t1d-cases,54598010
101939862X,1,cn11,1,1,t1d-cases,50454410
101939869E,1,cn02,0,2,t1d-cases,57796510
101939874K,1,cn11,1,1,t1d-cases,53524110
101939880R,1,cn11,1,1,t1d-cases,58066010
101939885X,1,cn11,1,1,t1d-cases,53878010
101939892E,1,cn01,0,1,t1d-cases,54276410
101939894G,1,cn02,0,2,t1d-cases,58725510
101939897K,1,cn02,0,2,t1d-cases,55253210
101939900N,1,cn21,2,1,t1d-cases,51590310
101939905T,1,cn02,0,2,t1d-cases,57919610
101939917G,1,cn02,0,2,t1d-cases,55625310
101939933Z,1,cn12,1,2,t1d-cases,52721310
101939935B,1,cn11,1,1,t1d-cases,56155210
101939940G,1,cn02,0,2,t1d-cases,50825410
101939941H,1,cn02,0,2,t1d-cases,53380010
101939977X,1,cn02,0,2,t1d-cases,52483310
101939981B,1,cn02,0,2,t1d-cases,55692010
101940200P,1,cn11,1,1,t1d-cases,58553910
101940213D,1,cn02,0,2,t1d-cases,52859610
101940215F,1,cn02,0,2,t1d-cases,56449810
101940216G,1,cn11,1,1,t1d-cases,57107810
101940220L,1,cn20,2,0,t1d-cases,51510510
101940224Q,1,cn02,0,2,t1d-cases,50043910
101940233A,1,cn02,0,2,t1d-cases,52596610
101940235C,1,cn11,1,1,t1d-cases,55250710
101940254Y,1,cn02,0,2,t1d-cases,56086110
101940256A,1,cn02,0,2,t1d-cases,58147810
101940261F,1,cn02,0,2,t1d-cases,50981110
101940272S,1,cn11,1,1,t1d-cases,51801210
101940289L,1,cn02,0,2,t1d-cases,54508710
101940290M,1,cn02,0,2,t1d-cases,55609510
101940302A,1,cn02,0,2,t1d-cases,56512810
101940332H,1,cn02,0,2,t1d-cases,54335810
101941051P,1,cn02,0,2,t1d-cases,50815910
102147003A,1,cn02,0,2,t1d-cases,59988610
102147005C,1,cn02,0,2,t1d-cases,57009710
102147016P,1,cn02,0,2,t1d-cases,55219810
102147019S,1,cn02,0,2,t1d-cases,56244310
102147025Z,1,cn01,0,1,t1d-cases,51832610
102147029D,1,cn02,0,2,t1d-cases,56411410
102147035K,1,cn02,0,2,t1d-cases,50753010
102147215F,1,cn02,0,2,t1d-cases,59381710
102147219K,1,cn11,1,1,t1d-cases,57470910
102147226S,1,cn11,1,1,t1d-cases,51999310
102147229W,1,cn11,1,1,t1d-cases,51521410
102147232Z,1,cn11,1,1,t1d-cases,52845110
102147237E,1,cn11,1,1,t1d-cases,54560410
102147249S,1,cn11,1,1,t1d-cases,57981110
102147250T,1,cn02,0,2,t1d-cases,50142610
102147257B,1,cn02,0,2,t1d-cases,57291710
102147262G,1,cn02,0,2,t1d-cases,57347710
102147284F,1,cn02,0,2,t1d-cases,53479510
102147512D,1,cn02,0,2,t1d-cases,55967010
102147534C,1,cn02,0,2,t1d-cases,57874710
102147536E,1,cn02,0,2,t1d-cases,59169810
102147548S,1,cn02,0,2,t1d-cases,54348810
102147564K,1,cn02,0,2,t1d-cases,59400010
102147565L,1,cn11,1,1,t1d-cases,58509710
102147566M,1,cn02,0,2,t1d-cases,51725910
102147568P,1,cn11,1,1,t1d-cases,57052710
102147575X,1,cn02,0,2,t1d-cases,56133310
102147702K,1,cn11,1,1,t1d-cases,52265610
102147707Q,1,cn21,2,1,t1d-cases,53672410
102147709S,1,cn02,0,2,t1d-cases,51757010
102147714Y,1,cn02,0,2,t1d-cases,54052310
102147716A,1,cn02,0,2,t1d-cases,54143110
102147717B,1,cn02,0,2,t1d-cases,55136010
102147719D,1,cn21,2,1,t1d-cases,52587910
102147721F,1,cn11,1,1,t1d-cases,51017610
102147730Q,1,cn02,0,2,t1d-cases,50356110
102147906G,1,cn02,0,2,t1d-cases,53202010
102147918V,1,cn11,1,1,t1d-cases,57682410
102278007W,1,cn02,0,2,t1d-cases,58290110
102278014D,1,cn11,1,1,t1d-cases,58364610
102278151C,1,cn11,1,1,t1d-cases,54695210
102278157J,1,cn02,0,2,t1d-cases,59412310
102278171Z,1,cn02,0,2,t1d-cases,55840110
102278186Q,1,cn02,0,2,t1d-cases,57286310
102278196B,1,cn02,0,2,t1d-cases,58696310
102278197C,1,cn02,0,2,t1d-cases,56366210
102278204K,1,cn11,1,1,t1d-cases,51650810
102278302R,1,cn02,0,2,t1d-cases,51975110
102278307X,1,cn11,1,1,t1d-cases,57769410
102278327T,1,cn11,1,1,t1d-cases,53106410
102278334B,1,cn02,0,2,t1d-cases,55894110
102278367M,1,cn02,0,2,t1d-cases,51338910
102278373T,1,cn11,1,1,t1d-cases,53470010
102278543D,1,cn02,0,2,t1d-cases,56909810
102278569G,1,cn02,0,2,t1d-cases,51353110
102278987L,1,cn02,0,2,t1d-cases,50125910
102279179V,1,cn02,0,2,t1d-cases,57446610
102279182Y,1,cn11,1,1,t1d-cases,54886510
102279191H,1,cn11,1,1,t1d-cases,59744610
B58C100_10F,0,cn02,0,2,uva-controls,7852004
B58C100_6C,0,cn02,0,2,uva-controls,7853093
B58C10_10H,0,cn02,0,2,uva-controls,7852821
B58C101_11C,0,cn02,0,2,uva-controls,7856408
B58C101_12G,0,cn11,1,1,uva-controls,7855777
B58C101_12H,0,cn02,0,2,uva-controls,7855619
B58C10_11A,0,cn11,1,1,uva-controls,7850574
B58C10_11C,0,cn02,0,2,uva-controls,7856431
B58C10_11G,0,cn11,1,1,uva-controls,7851807
B58C10_12H,0,cn02,0,2,uva-controls,7853379
B58C101_3H,0,cn02,0,2,uva-controls,7855754
B58C101_4C,0,cn02,0,2,uva-controls,7852195
B58C101_4H,0,cn11,1,1,uva-controls,7851468
B58C101_6F,0,cn02,0,2,uva-controls,7854383
B58C101_8B,0,cn11,1,1,uva-controls,7854292
B58C102_3F,0,cn02,0,2,uva-controls,7853875
B58C10_2D,0,cn11,1,1,uva-controls,7855660
B58C10_2G,0,cn11,1,1,uva-controls,7852280
B58C10_2H,0,cn02,0,2,uva-controls,7855731
B58C10_3A,0,cn02,0,2,uva-controls,7855329
B58C10_3C,0,cn11,1,1,uva-controls,7857225
B58C10_3D,0,cn11,1,1,uva-controls,7853046
B58C10_3H,0,cn11,1,1,uva-controls,7850865
B58C104_11C,0,cn11,1,1,uva-controls,7854837
B58C104_12E,0,cn20,2,0,uva-controls,7851663
B58C10_4A,0,cn02,0,2,uva-controls,7853561
B58C10_4B,0,cn11,1,1,uva-controls,7851065
B58C10_4E,0,cn02,0,2,uva-controls,7851441
B58C105_11G,0,cn21,2,1,uva-controls,7851270
B58C105_12B,0,cn02,0,2,uva-controls,7856816
B58C105_12D,0,cn02,0,2,uva-controls,7854665
B58C105_12G,0,cn11,1,1,uva-controls,7853866
B58C105_3A,0,cn02,0,2,uva-controls,7853988
B58C105_4F,0,cn11,1,1,uva-controls,7856259
B58C10_5D,0,cn02,0,2,uva-controls,7855839
B58C106_11C,0,cn02,0,2,uva-controls,7854879
B58C106_2H,0,cn02,0,2,uva-controls,7856477
B58C106_3B,0,cn02,0,2,uva-controls,7854800
B58C106_3E,0,cn20,2,0,uva-controls,7850873
B58C106_7E,0,cn02,0,2,uva-controls,7851346
B58C106_8G,0,cn11,1,1,uva-controls,7855758
B58C10_6A,0,cn02,0,2,uva-controls,7856461
B58C10_6B,0,cn02,0,2,uva-controls,7855769
B58C10_6E,0,cn11,1,1,uva-controls,7857047
B58C10_6G,0,cn11,1,1,uva-controls,7857220
B58C10_6H,0,cn02,0,2,uva-controls,7851174
B58C107_2C,0,cn02,0,2,uva-controls,7857126
B58C107_2E,0,cn02,0,2,uva-controls,7852388
B58C107_3C,0,cn11,1,1,uva-controls,7857172
B58C107_3D,0,cn11,1,1,uva-controls,7856059
B58C107_7A,0,cn11,1,1,uva-controls,7855825
B58C107_9E,0,cn11,1,1,uva-controls,7855032
B58C10_7A,0,cn12,1,2,uva-controls,7852860
B58C10_7B,0,cn02,0,2,uva-controls,7854983
B58C10_7C,0,cn11,1,1,uva-controls,7855190
B58C10_7F,0,cn11,1,1,uva-controls,7854975
B58C10_7G,0,cn11,1,1,uva-controls,7855316
B58C108_10A,0,cn02,0,2,uva-controls,7853801
B58C108_10F,0,cn02,0,2,uva-controls,7854573
B58C108_11E,0,cn30,3,0,uva-controls,7856036
B58C108_12A,0,cn02,0,2,uva-controls,7855075
B58C108_12D,0,cn02,0,2,uva-controls,7854811
B58C108_3H,0,cn11,1,1,uva-controls,7854215
B58C108_4A,0,cn02,0,2,uva-controls,7856168
B58C108_6B,0,cn11,1,1,uva-controls,7856153
B58C108_6E,0,cn11,1,1,uva-controls,7856020
B58C108_7A,0,cn02,0,2,uva-controls,7854667
B58C108_8G,0,cn02,0,2,uva-controls,7854722
B58C10_8B,0,cn02,0,2,uva-controls,7850868
B58C10_8C,0,cn02,0,2,uva-controls,7853295
B58C109_2A,0,cn02,0,2,uva-controls,7852165
B58C109_3B,0,cn02,0,2,uva-controls,7852009
B58C109_3E,0,cn02,0,2,uva-controls,7851445
B58C109_4A,0,cn02,0,2,uva-controls,7857044
B58C109_5A,0,cn02,0,2,uva-controls,7854582
B58C109_9E,0,cn21,2,1,uva-controls,7854134
B58C10_9H,0,cn02,0,2,uva-controls,7855275
B58C110_5C,0,cn11,1,1,uva-controls,7853494
B58C110_5G,0,cn20,2,0,uva-controls,7857298
B58C110_6B,0,cn02,0,2,uva-controls,7851854
B58C110_6G,0,cn02,0,2,uva-controls,7855317
B58C11_10D,0,cn02,0,2,uva-controls,7855687
B58C11_10F,0,cn02,0,2,uva-controls,7851060
B58C11_10G,0,cn01,0,1,uva-controls,7857603
B58C11_12D,0,cn11,1,1,uva-controls,7854893
B58C11_12F,0,cn02,0,2,uva-controls,7856762
B58C111_6E,0,cn11,1,1,uva-controls,7856906
B58C111_7C,0,cn02,0,2,uva-controls,7856028
B58C111_8C,0,cn11,1,1,uva-controls,7854093
B58C111_8G,0,cn02,0,2,uva-controls,7856018
B58C111_9B,0,cn11,1,1,uva-controls,7853436
B58C1_11A,0,cn11,1,1,uva-controls,7850980
B58C112_7F,0,cn11,1,1,uva-controls,7857285
B58C112_9A,0,cn20,2,0,uva-controls,7851492
B58C11_2F,0,cn02,0,2,uva-controls,7853782
B58C1_12H,0,cn11,1,1,uva-controls,7853457
B58C11_2H,0,cn02,0,2,uva-controls,7853983
B58C113_12A,0,cn11,1,1,uva-controls,7856901
B58C113_12B,0,cn11,1,1,uva-controls,7855633
B58C11_3E,0,cn02,0,2,uva-controls,7852153
B58C114_10A,0,cn02,0,2,uva-controls,7852827
B58C114_10B,0,cn02,0,2,uva-controls,7855511
B58C114_2C,0,cn02,0,2,uva-controls,7855720
B58C114_2D,0,cn02,0,2,uva-controls,7853629
B58C114_2E,0,cn02,0,2,uva-controls,7852484
B58C114_2H,0,cn11,1,1,uva-controls,7852087
B58C114_3A,0,cn02,0,2,uva-controls,7856622
B58C114_3E,0,cn02,0,2,uva-controls,7853340
B58C114_3F,0,cn02,0,2,uva-controls,7850394
B58C114_3G,0,cn11,1,1,uva-controls,7850960
B58C114_4B,0,cn11,1,1,uva-controls,7850926
B58C114_4C,0,cn02,0,2,uva-controls,7854874
B58C114_4F,0,cn02,0,2,uva-controls,7852795
B58C114_4G,0,cn02,0,2,uva-controls,7853006
B58C114_4H,0,cn02,0,2,uva-controls,7854514
B58C114_5A,0,cn02,0,2,uva-controls,7850528
B58C114_5D,0,cn02,0,2,uva-controls,7856790
B58C114_5E,0,cn11,1,1,uva-controls,7855544
B58C114_5F,0,cn02,0,2,uva-controls,7852068
B58C114_5H,0,cn02,0,2,uva-controls,7856348
B58C114_6A,0,cn02,0,2,uva-controls,7852895
B58C114_6C,0,cn11,1,1,uva-controls,7852059
B58C11_5C,0,cn11,1,1,uva-controls,7856613
B58C11_8A,0,cn11,1,1,uva-controls,7857154
B58C11_9F,0,cn02,0,2,uva-controls,7852889
B58C12_10F,0,cn11,1,1,NA,NA
B58C12_11D,0,cn02,0,2,uva-controls,7856537
B58C12_12H,0,cn02,0,2,uva-controls,7850552
B58C12_3B,0,cn20,2,0,uva-controls,7851327
B58C12_3G,0,cn02,0,2,uva-controls,7857293
B58C12_4A,0,cn11,1,1,uva-controls,7854456
B58C12_4D,0,cn11,1,1,uva-controls,7853232
B58C12_4G,0,cn11,1,1,uva-controls,7857477
B58C12_4H,0,cn02,0,2,uva-controls,7856069
B58C12_6A,0,cn02,0,2,uva-controls,7850272
B58C12_6D,0,cn02,0,2,uva-controls,7851044
B58C12_6F,0,cn11,1,1,uva-controls,7850822
B58C12_6H,0,cn20,2,0,uva-controls,7855607
B58C12_7C,0,cn02,0,2,uva-controls,7850622
B58C12_7E,0,cn11,1,1,uva-controls,7855166
B58C12_7G,0,cn02,0,2,uva-controls,7856044
B58C12_7H,0,cn02,0,2,uva-controls,7857574
B58C12_8A,0,cn02,0,2,uva-controls,7851156
B58C12_9D,0,cn02,0,2,uva-controls,7851737
B58C13_11A,0,cn02,0,2,uva-controls,7857459
B58C13_12H,0,cn11,1,1,uva-controls,7854817
B58C13_3C,0,cn11,1,1,uva-controls,7856505
B58C13_4C,0,cn02,0,2,uva-controls,7855835
B58C13_4D,0,cn02,0,2,uva-controls,7855716
B58C13_4G,0,cn02,0,2,uva-controls,7857581
B58C13_5G,0,cn02,0,2,uva-controls,7854623
B58C13_6A,0,cn02,0,2,uva-controls,7852431
B58C14_11F,0,cn02,0,2,uva-controls,7856432
B58C14_11G,0,cn02,0,2,uva-controls,7854531
B58C14_11H,0,cn02,0,2,uva-controls,7855847
B58C14_12A,0,cn12,1,2,uva-controls,7851253
B58C14_12F,0,cn02,0,2,uva-controls,7855756
B58C14_4D,0,cn02,0,2,uva-controls,7856880
B58C14_6G,0,cn11,1,1,uva-controls,7853639
B58C14_7A,0,cn11,1,1,uva-controls,7852091
B58C14_7C,0,cn02,0,2,uva-controls,7855449
B58C14_8A,0,cn02,0,2,uva-controls,7855257
B58C14_8H,0,cn02,0,2,uva-controls,7852371
B58C14_9B,0,cn02,0,2,uva-controls,7853874
B58C14_9G,0,cn02,0,2,uva-controls,7850304
B58C14_9H,0,cn02,0,2,uva-controls,7853409
B58C1_4C,0,cn11,1,1,NA,NA
B58C15_10A,0,cn02,0,2,uva-controls,7857144
B58C15_10G,0,cn02,0,2,uva-controls,7854220
B58C15_10H,0,cn02,0,2,uva-controls,7851835
B58C15_11A,0,cn10,1,0,uva-controls,7855693
B58C15_11B,0,cn02,0,2,uva-controls,7851352
B58C15_11C,0,cn02,0,2,uva-controls,7856579
B58C15_11D,0,cn02,0,2,uva-controls,7853188
B58C15_11F,0,cn02,0,2,uva-controls,7851292
B58C15_11G,0,cn02,0,2,uva-controls,7852118
B58C15_11H,0,cn02,0,2,uva-controls,7851993
B58C15_12A,0,cn11,1,1,uva-controls,7851425
B58C15_12B,0,cn02,0,2,uva-controls,7853242
B58C15_12C,0,cn02,0,2,uva-controls,7851721
B58C15_2D,0,cn11,1,1,uva-controls,7853058
B58C15_2E,0,cn02,0,2,uva-controls,7856475
B58C15_2F,0,cn11,1,1,uva-controls,7851429
B58C15_2G,0,cn02,0,2,uva-controls,7853243
B58C15_3A,0,cn02,0,2,uva-controls,7857057
B58C15_4F,0,cn02,0,2,uva-controls,7856459
B58C15_4G,0,cn02,0,2,uva-controls,7855466
B58C15_4H,0,cn11,1,1,uva-controls,7854562
B58C15_5B,0,cn11,1,1,uva-controls,7851072
B58C15_5F,0,cn02,0,2,uva-controls,7855879
B58C15_5G,0,cn11,1,1,uva-controls,7850165
B58C15_5H,0,cn02,0,2,uva-controls,7853964
B58C15_6D,0,cn02,0,2,uva-controls,7853998
B58C15_7A,0,cn02,0,2,uva-controls,7857066
B58C15_7F,0,cn12,1,2,uva-controls,7854004
B58C15_7H,0,cn11,1,1,uva-controls,7854963
B58C15_8B,0,cn20,2,0,uva-controls,7852907
B58C15_8C,0,cn02,0,2,uva-controls,7854641
B58C15_8D,0,cn02,0,2,uva-controls,7852313
B58C15_8G,0,cn02,0,2,uva-controls,7853589
B58C15_9E,0,cn02,0,2,uva-controls,7856919
B58C15_9H,0,cn02,0,2,uva-controls,7857525
B58C1_5B,0,cn11,1,1,uva-controls,7853131
B58C16_11G,0,cn11,1,1,uva-controls,7855925
B58C16_12D,0,cn20,2,0,uva-controls,7855905
B58C16_12E,0,cn11,1,1,uva-controls,7851473
B58C16_12F,0,cn02,0,2,uva-controls,7852324
B58C16_2D,0,cn11,1,1,NA,NA
B58C16_3F,0,cn02,0,2,uva-controls,7852570
B58C16_3H,0,cn11,1,1,uva-controls,7850982
B58C16_4A,0,cn11,1,1,uva-controls,7855129
B58C16_4D,0,cn02,0,2,uva-controls,7852449
B58C16_4E,0,cn02,0,2,uva-controls,7852743
B58C16_4F,0,cn02,0,2,uva-controls,7851998
B58C16_7C,0,cn11,1,1,uva-controls,7856768
B58C16_8D,0,cn01,0,1,uva-controls,7851915
B58C16_9E,0,cn11,1,1,uva-controls,7851116
B58C16_9G,0,cn02,0,2,uva-controls,7850840
B58C1_6B,0,cn11,1,1,uva-controls,7855264
B58C1_6H,0,cn02,0,2,uva-controls,7850136
B58C17_10C,0,cn02,0,2,uva-controls,7853385
B58C17_10F,0,cn11,1,1,uva-controls,7853033
B58C17_10G,0,cn21,2,1,uva-controls,7855470
B58C17_11C,0,cn02,0,2,uva-controls,7851885
B58C17_2A,0,cn02,0,2,uva-controls,7856158
B58C17_2B,0,cn02,0,2,uva-controls,7852562
B58C17_2G,0,cn02,0,2,uva-controls,7855864
B58C17_2H,0,cn02,0,2,uva-controls,7850003
B58C17_3B,0,cn11,1,1,uva-controls,7856492
B58C17_3C,0,cn12,1,2,uva-controls,7857203
B58C17_3D,0,cn01,0,1,uva-controls,7855464
B58C17_4F,0,cn02,0,2,uva-controls,7857206
B58C17_6B,0,cn02,0,2,uva-controls,7856196
B58C17_6C,0,cn11,1,1,uva-controls,7853244
B58C17_6D,0,cn02,0,2,uva-controls,7855562
B58C17_7D,0,cn12,1,2,uva-controls,7852732
B58C17_7E,0,cn11,1,1,uva-controls,7855249
B58C17_8C,0,cn11,1,1,uva-controls,7853947
B58C17_9A,0,cn02,0,2,NA,NA
B58C17_9D,0,cn02,0,2,uva-controls,7856986
B58C17_9F,0,cn02,0,2,uva-controls,7851952
B58C18_10F,0,cn02,0,2,uva-controls,7851590
B58C18_10G,0,cn02,0,2,uva-controls,7851698
B58C18_11D,0,cn02,0,2,uva-controls,7851929
B58C18_2C,0,cn02,0,2,uva-controls,7853144
B58C18_2E,0,cn02,0,2,uva-controls,7854153
B58C18_4E,0,cn20,2,0,NA,NA
B58C18_5G,0,cn02,0,2,uva-controls,7851939
B58C18_5H,0,cn02,0,2,uva-controls,7850377
B58C18_6A,0,cn02,0,2,uva-controls,7852745
B58C18_6C,0,cn02,0,2,uva-controls,7855775
B58C18_7A,0,cn11,1,1,uva-controls,7852150
B58C18_7B,0,cn11,1,1,uva-controls,7854859
B58C18_7C,0,cn02,0,2,uva-controls,7850126
B58C18_7F,0,cn02,0,2,uva-controls,7853650
B58C18_8B,0,cn20,2,0,uva-controls,7855875
B58C18_8F,0,cn02,0,2,uva-controls,7853597
B58C18_9A,0,cn02,0,2,uva-controls,7855322
B58C18_9C,0,cn02,0,2,uva-controls,7851449
B58C18_9E,0,cn02,0,2,uva-controls,7853630
B58C18_9G,0,cn02,0,2,uva-controls,7857604
B58C1_8E,0,cn11,1,1,uva-controls,7853600
B58C1_8H,0,cn02,0,2,uva-controls,7853251
B58C19_10F,0,cn11,1,1,uva-controls,7857231
B58C19_11A,0,cn11,1,1,uva-controls,7853660
B58C19_12H,0,cn11,1,1,uva-controls,7850634
B58C19_3D,0,cn11,1,1,uva-controls,7851523
B58C19_3F,0,cn02,0,2,uva-controls,7854782
B58C19_5B,0,cn02,0,2,uva-controls,7854032
B58C19_6B,0,cn11,1,1,uva-controls,7854197
B58C19_7E,0,cn02,0,2,uva-controls,7853594
B58C19_8D,0,cn02,0,2,uva-controls,7856072
B58C1_9E,0,cn21,2,1,uva-controls,7855574
B58C1_9H,0,cn02,0,2,uva-controls,7850995
B58C20_10C,0,cn20,2,0,uva-controls,7854676
B58C20_10E,0,cn01,0,1,uva-controls,7851861
B58C20_10F,0,cn02,0,2,uva-controls,7852345
B58C20_11A,0,cn02,0,2,uva-controls,7851972
B58C20_11C,0,cn02,0,2,uva-controls,7856246
B58C20_2C,0,cn02,0,2,uva-controls,7852703
B58C20_2F,0,cn20,2,0,uva-controls,7851438
B58C20_2G,0,cn11,1,1,NA,NA
B58C20_3A,0,cn12,1,2,uva-controls,7852682
B58C20_3C,0,cn02,0,2,uva-controls,7851566
B58C20_3D,0,cn02,0,2,uva-controls,7855528
B58C20_3E,0,cn21,2,1,uva-controls,7850663
B58C20_3G,0,cn02,0,2,uva-controls,7855429
B58C20_3H,0,cn21,2,1,uva-controls,7851833
B58C20_4A,0,cn02,0,2,uva-controls,7851175
B58C20_4D,0,cn11,1,1,uva-controls,7857058
B58C20_4E,0,cn02,0,2,uva-controls,7853339
B58C20_4F,0,cn11,1,1,uva-controls,7852129
B58C20_4G,0,cn02,0,2,uva-controls,7850830
B58C20_5A,0,cn11,1,1,uva-controls,7851404
B58C20_5B,0,cn02,0,2,uva-controls,7853628
B58C20_5D,0,cn02,0,2,uva-controls,7856304
B58C20_6B,0,cn02,0,2,uva-controls,7854132
B58C20_6C,0,cn02,0,2,uva-controls,7852863
B58C20_6H,0,cn11,1,1,uva-controls,7854776
B58C20_7E,0,cn02,0,2,uva-controls,7850379
B58C20_7H,0,cn11,1,1,uva-controls,7856309
B58C20_8B,0,cn11,1,1,uva-controls,7852177
B58C20_9A,0,cn02,0,2,uva-controls,7852874
B58C20_9C,0,cn02,0,2,uva-controls,7850200
B58C2_10H,0,cn11,1,1,uva-controls,7852513
B58C2_12A,0,cn02,0,2,uva-controls,7852769
B58C2_12H,0,cn02,0,2,NA,NA
B58C2_4G,0,cn02,0,2,uva-controls,7854789
B58C2_5E,0,cn02,0,2,NA,NA
B58C29_8C,0,cn02,0,2,uva-controls,7857048
B58C2_9C,0,cn02,0,2,uva-controls,7850946
B58C30_10E,0,cn11,1,1,uva-controls,7852841
B58C30_12C,0,cn02,0,2,uva-controls,7851439
B58C30_12E,0,cn20,2,0,uva-controls,7853743
B58C3_10A,0,cn12,1,2,uva-controls,7855556
B58C3_10C,0,cn02,0,2,uva-controls,7856991
B58C3_11B,0,cn02,0,2,uva-controls,7850957
B58C3_11E,0,cn02,0,2,NA,NA
B58C3_12C,0,cn11,1,1,uva-controls,7852495
B58C3_12D,0,cn02,0,2,uva-controls,7853337
B58C3_12E,0,cn02,0,2,uva-controls,7852463
B58C3_12G,0,cn02,0,2,uva-controls,7855666
B58C31_3F,0,cn02,0,2,uva-controls,7855882
B58C31_5F,0,cn02,0,2,uva-controls,7851666
B58C31_6A,0,cn11,1,1,uva-controls,7855085
B58C31_6D,0,cn11,1,1,uva-controls,7855236
B58C33_3D,0,cn11,1,1,uva-controls,7856592
B58C33_3H,0,cn11,1,1,uva-controls,7850073
B58C33_6D,0,cn02,0,2,uva-controls,7850120
B58C33_6G,0,cn02,0,2,uva-controls,7852613
B58C3_3B,0,cn02,0,2,uva-controls,7850473
B58C34_10A,0,cn02,0,2,uva-controls,7852731
B58C34_10E,0,cn11,1,1,uva-controls,7851202
B58C34_11E,0,cn02,0,2,uva-controls,7856021
B58C34_12A,0,cn11,1,1,uva-controls,7856660
B58C34_8D,0,cn01,0,1,uva-controls,7856412
B58C3_4C,0,cn02,0,2,uva-controls,7850509
B58C3_4E,0,cn10,1,0,uva-controls,7857040
B58C3_4G,0,cn02,0,2,uva-controls,7854585
B58C35_11C,0,cn11,1,1,uva-controls,7852593
B58C35_3A,0,cn02,0,2,uva-controls,7853615
B58C35_8G,0,cn02,0,2,uva-controls,7853199
B58C3_5C,0,cn02,0,2,uva-controls,7852218
B58C3_5F,0,cn11,1,1,uva-controls,7851551
B58C3_5G,0,cn01,0,1,uva-controls,7850371
B58C36_11D,0,cn02,0,2,uva-controls,7856796
B58C36_2H,0,cn02,0,2,uva-controls,7850849
B58C36_4B,0,cn02,0,2,uva-controls,7850851
B58C36_6E,0,cn20,2,0,NA,NA
B58C36_8D,0,cn11,1,1,uva-controls,7857155
B58C36_9C,0,cn02,0,2,uva-controls,7852386
B58C3_6F,0,cn02,0,2,uva-controls,7856928
B58C3_6H,0,cn11,1,1,uva-controls,7850484
B58C37_3G,0,cn02,0,2,uva-controls,7851683
B58C37_4G,0,cn02,0,2,uva-controls,7850920
B58C37_5G,0,cn02,0,2,uva-controls,7851274
B58C37_6G,0,cn11,1,1,uva-controls,7857614
B58C37_8G,0,cn02,0,2,uva-controls,7855713
B58C3_7B,0,cn11,1,1,uva-controls,7851629
B58C3_7C,0,cn02,0,2,uva-controls,7857229
B58C3_7E,0,cn02,0,2,uva-controls,7852381
B58C3_8A,0,cn02,0,2,uva-controls,7851408
B58C39_8C,0,cn02,0,2,uva-controls,7855287
B58C4_10B,0,cn02,0,2,uva-controls,7853984
B58C4_10E,0,cn02,0,2,uva-controls,7855914
B58C4_10G,0,cn02,0,2,uva-controls,7855821
B58C4_11B,0,cn02,0,2,uva-controls,7856401
B58C4_11D,0,cn02,0,2,uva-controls,7852615
B58C4_11H,0,cn02,0,2,uva-controls,7851034
B58C4_12D,0,cn11,1,1,uva-controls,7853282
B58C4_12E,0,cn20,2,0,uva-controls,7855989
B58C4_12G,0,cn11,1,1,uva-controls,7853952
B58C4_12H,0,cn11,1,1,uva-controls,7856389
B58C4_2F,0,cn11,1,1,uva-controls,7857570
B58C4_2H,0,cn02,0,2,uva-controls,7855599
B58C43_10E,0,cn11,1,1,uva-controls,7855970
B58C43_10H,0,cn02,0,2,uva-controls,7857092
B58C43_5F,0,cn02,0,2,uva-controls,7851142
B58C43_7F,0,cn11,1,1,uva-controls,7851186
B58C43_9A,0,cn02,0,2,uva-controls,7855118
B58C4_3B,0,cn02,0,2,NA,NA
B58C4_3C,0,cn02,0,2,uva-controls,7855024
B58C4_3H,0,cn02,0,2,uva-controls,7852807
B58C44_10G,0,cn02,0,2,uva-controls,7853645
B58C44_11C,0,cn02,0,2,uva-controls,7857544
B58C44_2G,0,cn02,0,2,uva-controls,7856448
B58C44_3A,0,cn02,0,2,uva-controls,7852794
B58C44_4B,0,cn02,0,2,uva-controls,7855243
B58C44_9A,0,cn02,0,2,uva-controls,7857059
B58C4_4H,0,cn11,1,1,uva-controls,7855773
B58C45_10E,0,cn02,0,2,uva-controls,7856726
B58C45_11H,0,cn02,0,2,uva-controls,7854174
B58C45_2H,0,cn02,0,2,uva-controls,7851220
B58C45_3G,0,cn11,1,1,uva-controls,7854682
B58C45_4B,0,cn11,1,1,uva-controls,7852818
B58C45_4F,0,cn10,1,0,uva-controls,7851912
B58C4_5B,0,cn02,0,2,uva-controls,7853963
B58C4_5F,0,cn02,0,2,uva-controls,7857043
B58C46_3G,0,cn02,0,2,uva-controls,7852785
B58C4_6A,0,cn02,0,2,uva-controls,7854827
B58C4_6B,0,cn02,0,2,uva-controls,7850263
B58C4_6E,0,cn02,0,2,uva-controls,7850290
B58C4_6G,0,cn02,0,2,uva-controls,7851012
B58C4_6H,0,cn11,1,1,uva-controls,7853484
B58C47_2E,0,cn11,1,1,uva-controls,7853510
B58C47_2G,0,cn01,0,1,uva-controls,7852905
B58C47_2H,0,cn11,1,1,uva-controls,7855064
B58C47_4F,0,cn02,0,2,uva-controls,7850730
B58C47_5A,0,cn02,0,2,uva-controls,7851948
B58C47_5D,0,cn02,0,2,uva-controls,7850514
B58C47_5F,0,cn21,2,1,uva-controls,7857093
B58C47_5H,0,cn30,3,0,uva-controls,7857441
B58C47_6B,0,cn02,0,2,uva-controls,7852419
B58C47_6H,0,cn02,0,2,uva-controls,7850370
B58C47_7C,0,cn11,1,1,uva-controls,7856763
B58C47_7D,0,cn11,1,1,uva-controls,7856454
B58C4_7A,0,cn02,0,2,uva-controls,7853386
B58C4_7D,0,cn20,2,0,uva-controls,7852927
B58C4_7E,0,cn01,0,1,uva-controls,7856989
B58C4_7H,0,cn02,0,2,uva-controls,7856097
B58C48_2G,0,cn02,0,2,uva-controls,7855407
B58C48_3A,0,cn02,0,2,uva-controls,7855084
B58C48_3C,0,cn02,0,2,uva-controls,7850746
B58C48_3F,0,cn02,0,2,uva-controls,7852089
B58C48_3G,0,cn02,0,2,uva-controls,7850221
B58C48_3H,0,cn02,0,2,uva-controls,7851696
B58C48_4B,0,cn02,0,2,uva-controls,7854320
B58C48_4C,0,cn11,1,1,uva-controls,7855900
B58C48_5F,0,cn11,1,1,uva-controls,7854276
B58C48_5H,0,cn11,1,1,uva-controls,7855457
B58C48_6E,0,cn02,0,2,uva-controls,7853720
B58C48_6F,0,cn11,1,1,uva-controls,7853625
B58C48_6G,0,cn02,0,2,uva-controls,7853448
B58C48_7G,0,cn11,1,1,uva-controls,7852856
B58C48_8B,0,cn02,0,2,uva-controls,7856118
B58C4_8H,0,cn02,0,2,uva-controls,7856523
B58C49_10D,0,cn11,1,1,uva-controls,7855647
B58C49_10E,0,cn02,0,2,uva-controls,7851339
B58C49_10G,0,cn11,1,1,NA,NA
B58C49_10H,0,cn11,1,1,uva-controls,7852661
B58C49_11A,0,cn20,2,0,uva-controls,7852521
B58C49_11E,0,cn02,0,2,uva-controls,7856427
B58C49_11F,0,cn02,0,2,uva-controls,7856897
B58C49_11G,0,cn11,1,1,uva-controls,7857075
B58C49_11H,0,cn02,0,2,uva-controls,7857575
B58C49_12B,0,cn02,0,2,uva-controls,7855219
B58C4_9B,0,cn02,0,2,uva-controls,7853309
B58C4_9C,0,cn02,0,2,uva-controls,7851910
B58C4_9E,0,cn11,1,1,uva-controls,7850524
B58C4_9H,0,cn02,0,2,uva-controls,7856347
B58C50_12A,0,cn21,2,1,uva-controls,7856512
B58C50_2C,0,cn02,0,2,uva-controls,7854902
B58C50_2F,0,cn02,0,2,uva-controls,7850753
B58C50_2G,0,cn02,0,2,uva-controls,7853345
B58C50_3F,0,cn02,0,2,uva-controls,7850984
B58C50_3H,0,cn02,0,2,uva-controls,7854957
B58C50_4A,0,cn02,0,2,uva-controls,7850476
B58C50_4B,0,cn02,0,2,uva-controls,7851505
B58C50_4G,0,cn02,0,2,uva-controls,7852511
B58C50_5A,0,cn02,0,2,uva-controls,7850095
B58C5_10C,0,cn11,1,1,uva-controls,7851217
B58C5_10H,0,cn02,0,2,uva-controls,7854605
B58C51_10F,0,cn11,1,1,uva-controls,7856654
B58C51_11C,0,cn21,2,1,uva-controls,7850357
B58C51_11E,0,cn02,0,2,uva-controls,7854510
B58C51_11F,0,cn02,0,2,uva-controls,7850779
B58C51_11H,0,cn02,0,2,uva-controls,7855517
B58C5_11B,0,cn11,1,1,uva-controls,7852337
B58C5_11G,0,cn02,0,2,uva-controls,7854813
B58C5_12B,0,cn11,1,1,uva-controls,7851672
B58C5_12E,0,cn02,0,2,uva-controls,7851388
B58C5_12G,0,cn02,0,2,uva-controls,7852223
B58C5_12H,0,cn02,0,2,uva-controls,7851027
B58C51_3D,0,cn02,0,2,uva-controls,7853944
B58C51_5A,0,cn02,0,2,uva-controls,7854964
B58C51_5C,0,cn11,1,1,uva-controls,7850361
B58C51_5E,0,cn11,1,1,uva-controls,7851184
B58C51_5F,0,cn02,0,2,uva-controls,7855969
B58C51_5G,0,cn11,1,1,uva-controls,7852487
B58C51_6A,0,cn12,1,2,uva-controls,7851640
B58C51_6B,0,cn02,0,2,uva-controls,7851129
B58C51_6G,0,cn02,0,2,uva-controls,7850532
B58C51_7E,0,cn02,0,2,uva-controls,7854244
B58C51_8C,0,cn11,1,1,uva-controls,7856963
B58C51_8D,0,cn02,0,2,uva-controls,7852903
B58C51_8G,0,cn02,0,2,uva-controls,7850209
B58C51_9H,0,cn11,1,1,uva-controls,7852583
B58C52_10C,0,cn02,0,2,uva-controls,7854541
B58C52_10H,0,cn02,0,2,uva-controls,7851020
B58C52_11F,0,cn11,1,1,uva-controls,7850364
B58C52_12E,0,cn02,0,2,uva-controls,7852881
B58C52_3C,0,cn12,1,2,uva-controls,7853162
B58C52_4F,0,cn02,0,2,uva-controls,7851922
B58C52_5C,0,cn11,1,1,uva-controls,7854078
B58C52_5D,0,cn02,0,2,uva-controls,7855770
B58C52_5F,0,cn11,1,1,uva-controls,7854993
B58C52_6F,0,cn02,0,2,uva-controls,7856628
B58C52_7C,0,cn02,0,2,uva-controls,7855554
B58C52_7H,0,cn02,0,2,uva-controls,7854656
B58C52_8A,0,cn02,0,2,uva-controls,7854630
B58C52_8E,0,cn02,0,2,uva-controls,7850124
B58C52_8G,0,cn02,0,2,uva-controls,7856702
B58C5_2B,0,cn02,0,2,uva-controls,7855368
B58C5_2D,0,cn02,0,2,uva-controls,7852741
B58C5_2F,0,cn11,1,1,uva-controls,7853636
B58C53_11C,0,cn02,0,2,uva-controls,7855841
B58C53_2E,0,cn02,0,2,NA,NA
B58C53_2H,0,cn11,1,1,uva-controls,7850519
B58C53_3G,0,cn02,0,2,uva-controls,7856058
B58C53_4A,0,cn02,0,2,uva-controls,7852776
B58C53_4B,0,cn11,1,1,uva-controls,7851865
B58C53_4E,0,cn02,0,2,uva-controls,7850172
B58C53_6C,0,cn11,1,1,uva-controls,7854022
B58C53_6D,0,cn02,0,2,uva-controls,7850861
B58C53_6E,0,cn02,0,2,uva-controls,7853472
B58C53_8G,0,cn20,2,0,uva-controls,7851617
B58C53_9F,0,cn02,0,2,uva-controls,7857366
B58C5_3F,0,cn21,2,1,uva-controls,7854886
B58C5_3G,0,cn11,1,1,uva-controls,7850416
B58C54_10A,0,cn02,0,2,uva-controls,7853663
B58C54_10C,0,cn20,2,0,uva-controls,7852901
B58C54_11H,0,cn02,0,2,NA,NA
B58C54_12E,0,cn02,0,2,uva-controls,7852383
B58C54_12F,0,cn11,1,1,uva-controls,7852305
B58C54_2G,0,cn02,0,2,uva-controls,7853970
B58C54_4G,0,cn02,0,2,uva-controls,7854596
B58C54_6C,0,cn02,0,2,uva-controls,7856967
B58C54_6G,0,cn02,0,2,uva-controls,7856601
B58C54_7C,0,cn02,0,2,uva-controls,7857277
B58C54_8A,0,cn02,0,2,uva-controls,7853547
B58C54_8C,0,cn02,0,2,uva-controls,7853150
B58C54_8D,0,cn20,2,0,uva-controls,7857081
B58C54_9A,0,cn02,0,2,uva-controls,7851115
B58C55_3H,0,cn02,0,2,uva-controls,7856149
B58C5_5B,0,cn21,2,1,uva-controls,7855515
B58C5_5D,0,cn21,2,1,uva-controls,7854505
B58C5_5F,0,cn11,1,1,uva-controls,7852072
B58C5_5H,0,cn02,0,2,uva-controls,7855490
B58C56_11F,0,cn11,1,1,uva-controls,7856042
B58C56_12G,0,cn11,1,1,uva-controls,7855266
B58C56_4B,0,cn02,0,2,uva-controls,7851325
B58C56_7C,0,cn02,0,2,uva-controls,7854281
B58C5_6D,0,cn02,0,2,uva-controls,7855350
B58C57_10B,0,cn02,0,2,uva-controls,7852219
B58C57_10C,0,cn02,0,2,uva-controls,7851591
B58C57_12H,0,cn20,2,0,uva-controls,7852163
B58C57_2D,0,cn11,1,1,uva-controls,7856870
B58C57_2G,0,cn02,0,2,uva-controls,7852359
B58C57_7H,0,cn11,1,1,uva-controls,7856872
B58C57_8C,0,cn02,0,2,uva-controls,7850943
B58C57_9E,0,cn20,2,0,uva-controls,7856683
B58C5_7D,0,cn11,1,1,uva-controls,7852719
B58C5_7G,0,cn02,0,2,uva-controls,7854429
B58C5_7H,0,cn11,1,1,uva-controls,7857264
B58C5_8B,0,cn02,0,2,uva-controls,7852652
B58C5_8C,0,cn02,0,2,uva-controls,7856888
B58C5_8D,0,cn20,2,0,uva-controls,7855178
B58C5_8F,0,cn02,0,2,uva-controls,7852591
B58C5_9A,0,cn02,0,2,uva-controls,7857014
B58C5_9B,0,cn11,1,1,uva-controls,7850965
B58C5_9D,0,cn02,0,2,uva-controls,7853895
B58C5_9F,0,cn11,1,1,uva-controls,7852567
B58C6_10C,0,cn11,1,1,uva-controls,7851164
B58C6_10D,0,cn02,0,2,uva-controls,7855013
B58C6_10E,0,cn02,0,2,uva-controls,7852768
B58C6_11G,0,cn11,1,1,uva-controls,7855003
B58C6_11H,0,cn21,2,1,uva-controls,7850858
B58C6_12D,0,cn02,0,2,uva-controls,7851711
B58C6_12E,0,cn02,0,2,uva-controls,7852404
B58C6_12F,0,cn02,0,2,uva-controls,7857099
B58C6_12H,0,cn02,0,2,uva-controls,7851852
B58C6_2A,0,cn11,1,1,uva-controls,7851756
B58C6_2C,0,cn02,0,2,uva-controls,7857120
B58C6_2D,0,cn02,0,2,uva-controls,7852349
B58C6_2G,0,cn02,0,2,uva-controls,7856333
B58C6_3B,0,cn02,0,2,uva-controls,7854008
B58C6_3F,0,cn01,0,1,uva-controls,7853281
B58C6_3G,0,cn02,0,2,uva-controls,7852333
B58C6_4B,0,cn11,1,1,uva-controls,7856000
B58C6_4C,0,cn11,1,1,uva-controls,7856464
B58C6_4F,0,cn02,0,2,uva-controls,7855010
B58C6_5B,0,cn02,0,2,uva-controls,7856471
B58C6_5C,0,cn11,1,1,uva-controls,7854272
B58C6_5E,0,cn02,0,2,uva-controls,7851381
B58C6_6B,0,cn02,0,2,uva-controls,7851067
B58C6_6D,0,cn02,0,2,uva-controls,7853072
B58C6_6E,0,cn02,0,2,uva-controls,7853025
B58C6_6H,0,cn02,0,2,uva-controls,7857096
B58C6_7B,0,cn02,0,2,uva-controls,7856881
B58C6_8A,0,cn11,1,1,uva-controls,7852705
B58C6_8C,0,cn11,1,1,uva-controls,7854941
B58C6_9E,0,cn11,1,1,uva-controls,7854415
B58C6_9H,0,cn11,1,1,uva-controls,7853548
B58C7_10B,0,cn12,1,2,uva-controls,7854742
B58C7_10C,0,cn02,0,2,uva-controls,7852793
B58C7_10E,0,cn02,0,2,uva-controls,7850121
B58C7_11B,0,cn02,0,2,uva-controls,7851858
B58C7_11D,0,cn02,0,2,uva-controls,7850067
B58C7_11H,0,cn11,1,1,uva-controls,7850925
B58C7_12B,0,cn02,0,2,uva-controls,7855845
B58C7_12D,0,cn20,2,0,uva-controls,7857098
B58C7_2D,0,cn11,1,1,uva-controls,7856137
B58C7_2E,0,cn02,0,2,uva-controls,7850638
B58C7_3B,0,cn02,0,2,uva-controls,7854768
B58C7_3C,0,cn01,0,1,uva-controls,7854586
B58C7_3D,0,cn02,0,2,uva-controls,7851843
B58C7_3E,0,cn02,0,2,uva-controls,7854896
B58C7_3H,0,cn11,1,1,uva-controls,7857579
B58C7_4B,0,cn02,0,2,uva-controls,7852440
B58C7_4E,0,cn02,0,2,uva-controls,7857147
B58C7_4G,0,cn02,0,2,NA,NA
B58C7_5B,0,cn02,0,2,uva-controls,7850054
B58C7_5C,0,cn02,0,2,uva-controls,7855779
B58C7_5D,0,cn02,0,2,uva-controls,7855646
B58C7_5F,0,cn02,0,2,uva-controls,7855019
B58C7_6C,0,cn11,1,1,uva-controls,7853262
B58C7_6E,0,cn20,2,0,uva-controls,7850824
B58C7_6F,0,cn11,1,1,uva-controls,7856232
B58C7_7F,0,cn20,2,0,uva-controls,7851458
B58C7_8B,0,cn11,1,1,uva-controls,7852375
B58C7_8D,0,cn02,0,2,uva-controls,7850212
B58C7_8F,0,cn02,0,2,uva-controls,7856229
B58C7_9C,0,cn02,0,2,uva-controls,7852892
B58C7_9D,0,cn21,2,1,uva-controls,7851817
B58C7_9E,0,cn02,0,2,NA,NA
B58C8_10B,0,cn02,0,2,uva-controls,7857027
B58C8_10D,0,cn02,0,2,uva-controls,7854072
B58C8_10G,0,cn20,2,0,uva-controls,7850857
B58C81_10D,0,cn11,1,1,uva-controls,7856490
B58C81_11D,0,cn11,1,1,uva-controls,7854481
B58C81_11G,0,cn02,0,2,uva-controls,7851140
B58C81_12F,0,cn02,0,2,uva-controls,7856265
B58C81_12G,0,cn02,0,2,uva-controls,7850548
B58C8_11A,0,cn11,1,1,uva-controls,7852321
B58C8_11B,0,cn02,0,2,uva-controls,7854346
B58C8_11C,0,cn02,0,2,uva-controls,7852918
B58C8_11H,0,cn21,2,1,uva-controls,7854890
B58C81_2C,0,cn11,1,1,uva-controls,7851433
B58C81_2D,0,cn11,1,1,uva-controls,7853000
B58C8_12E,0,cn11,1,1,uva-controls,7855778
B58C81_2E,0,cn02,0,2,uva-controls,7851370
B58C8_12F,0,cn12,1,2,NA,NA
B58C8_12H,0,cn02,0,2,uva-controls,7856849
B58C81_3G,0,cn20,2,0,uva-controls,7856308
B58C81_4B,0,cn11,1,1,uva-controls,7856921
B58C81_4D,0,cn02,0,2,uva-controls,7856900
B58C81_4E,0,cn02,0,2,uva-controls,7850342
B58C81_5C,0,cn02,0,2,uva-controls,7850710
B58C81_5E,0,cn11,1,1,uva-controls,7855198
B58C81_5F,0,cn11,1,1,uva-controls,7850929
B58C81_8A,0,cn02,0,2,uva-controls,7856896
B58C81_8B,0,cn11,1,1,uva-controls,7854458
B58C81_9H,0,cn11,1,1,uva-controls,7850603
B58C8_2C,0,cn02,0,2,uva-controls,7856753
B58C8_2D,0,cn11,1,1,uva-controls,7850477
B58C8_3A,0,cn02,0,2,uva-controls,7856476
B58C8_3C,0,cn11,1,1,uva-controls,7852772
B58C8_3D,0,cn02,0,2,uva-controls,7856334
B58C8_3F,0,cn02,0,2,uva-controls,7856176
B58C84_2B,0,cn01,0,1,NA,NA
B58C84_4B,0,cn02,0,2,uva-controls,7850133
B58C84_4H,0,cn02,0,2,uva-controls,7852067
B58C8_5A,0,cn11,1,1,uva-controls,7855698
B58C8_5C,0,cn02,0,2,NA,NA
B58C86_4B,0,cn11,1,1,uva-controls,7850648
B58C86_4C,0,cn02,0,2,uva-controls,7854480
B58C86_4E,0,cn11,1,1,uva-controls,7857269
B58C86_6F,0,cn02,0,2,uva-controls,7853482
B58C86_8F,0,cn02,0,2,uva-controls,7854104
B58C8_6D,0,cn11,1,1,uva-controls,7855027
B58C8_6E,0,cn02,0,2,uva-controls,7851263
B58C8_6H,0,cn02,0,2,uva-controls,7851112
B58C87_2G,0,cn02,0,2,uva-controls,7850823
B58C8_8F,0,cn11,1,1,uva-controls,7852994
B58C8_9B,0,cn02,0,2,uva-controls,7850091
B58C8_9E,0,cn11,1,1,uva-controls,7857343
B58C9_10A,0,cn02,0,2,uva-controls,7853440
B58C9_10B,0,cn12,1,2,uva-controls,7850306
B58C9_10C,0,cn02,0,2,uva-controls,7850222
B58C9_10D,0,cn11,1,1,uva-controls,7855621
B58C9_10E,0,cn02,0,2,uva-controls,7850286
B58C9_10G,0,cn11,1,1,uva-controls,7853147
B58C9_11B,0,cn02,0,2,uva-controls,7851257
B58C9_11D,0,cn02,0,2,uva-controls,7856949
B58C9_11F,0,cn02,0,2,uva-controls,7851379
B58C9_12A,0,cn02,0,2,uva-controls,7851306
B58C9_12B,0,cn02,0,2,uva-controls,7852281
B58C9_12C,0,cn11,1,1,uva-controls,7853892
B58C91_8H,0,cn11,1,1,uva-controls,7850226
B58C9_2E,0,cn02,0,2,uva-controls,7855286
B58C93_10H,0,cn02,0,2,uva-controls,7850144
B58C93_12A,0,cn11,1,1,uva-controls,7852552
B58C93_12F,0,cn20,2,0,uva-controls,7851357
B58C93_7E,0,cn02,0,2,uva-controls,7857369
B58C93_8A,0,cn11,1,1,uva-controls,7853685
B58C9_3A,0,cn02,0,2,uva-controls,7853486
B58C9_3G,0,cn02,0,2,uva-controls,7851669
B58C94_2G,0,cn12,1,2,uva-controls,7850644
B58C9_4B,0,cn02,0,2,uva-controls,7850640
B58C9_4D,0,cn02,0,2,uva-controls,7854099
B58C9_4F,0,cn11,1,1,uva-controls,7853785
B58C95_11B,0,cn02,0,2,NA,NA
B58C95_4F,0,cn01,0,1,uva-controls,7855507
B58C95_6B,0,cn02,0,2,uva-controls,7856714
B58C95_9F,0,cn11,1,1,uva-controls,7851316
B58C9_5E,0,cn20,2,0,uva-controls,7850863
B58C9_5F,0,cn02,0,2,uva-controls,7856823
B58C9_5G,0,cn02,0,2,uva-controls,7855624
B58C96_10B,0,cn02,0,2,uva-controls,7857488
B58C96_10C,0,cn11,1,1,uva-controls,7854784
B58C96_10D,0,cn11,1,1,uva-controls,7852416
B58C96_2C,0,cn02,0,2,uva-controls,7851607
B58C96_4A,0,cn11,1,1,uva-controls,7851477
B58C96_5B,0,cn02,0,2,uva-controls,7853250
B58C96_7A,0,cn02,0,2,uva-controls,7854436
B58C9_6B,0,cn02,0,2,uva-controls,7851397
B58C9_6C,0,cn02,0,2,uva-controls,7850219
B58C9_6D,0,cn02,0,2,uva-controls,7851955
B58C9_6F,0,cn11,1,1,uva-controls,7852453
B58C97_10B,0,cn11,1,1,uva-controls,7855485
B58C97_11D,0,cn02,0,2,NA,NA
B58C97_4D,0,cn11,1,1,uva-controls,7853334
B58C97_5C,0,cn11,1,1,uva-controls,7855481
B58C97_6B,0,cn02,0,2,uva-controls,7851348
B58C97_8G,0,cn02,0,2,uva-controls,7852717
B58C9_7A,0,cn12,1,2,uva-controls,7857308
B58C9_7B,0,cn02,0,2,uva-controls,7856002
B58C9_7D,0,cn11,1,1,uva-controls,7854520
B58C98_11F,0,cn01,0,1,uva-controls,7853843
B58C98_2E,0,cn11,1,1,uva-controls,7857130
B58C98_2G,0,cn11,1,1,uva-controls,7851309
B58C98_4D,0,cn02,0,2,uva-controls,7856778
B58C9_8A,0,cn02,0,2,uva-controls,7855399
B58C9_8H,0,cn02,0,2,uva-controls,7854866
B58C99_3F,0,cn02,0,2,uva-controls,7852398
B58C99_7E,0,cn11,1,1,uva-controls,7852735
B58C99_8F,0,cn11,1,1,uva-controls,7854386
B58C9_9D,0,cn11,1,1,uva-controls,7854179
B58C9_9G,0,cn02,0,2,uva-controls,7850441
R58001025_B03,0,cn02,0,2,uva-controls,R58201702_C02
R58001502_A05,0,cn02,0,2,uva-controls,7852392
R58001503_E03,0,cn02,0,2,uva-controls,7854025
R58001503_E04,0,cn02,0,2,uva-controls,7852152
R58001504_E06,0,cn11,1,1,uva-controls,7850179
R58001505_B05,0,cn02,0,2,uva-controls,7855685
R58001505_F05,0,cn02,0,2,uva-controls,7852094
R58001505_H02,0,cn12,1,2,uva-controls,7852561
R58001506_A02,0,cn02,0,2,NA,NA
R58001603_A07,0,cn02,0,2,uva-controls,7852189
R58001603_B07,0,cn20,2,0,uva-controls,7851699
R58001603_E10,0,cn02,0,2,uva-controls,7850064
R58001603_G02,0,cn02,0,2,uva-controls,7851567
R58001606_A09,0,cn02,0,2,uva-controls,7857601
R58001606_D10,0,cn02,0,2,uva-controls,7850044
R58001702_B05,0,cn02,0,2,NA,NA
R58001702_C04,0,cn02,0,2,NA,NA
R58001702_D04,0,cn02,0,2,NA,NA
R58001704_C04,0,cn21,2,1,uva-controls,7857606
R58001704_G03,0,cn02,0,2,uva-controls,7852604
R58001706_E04,0,cn11,1,1,uva-controls,7853099
